task_id,set,submitted_utc,completed_utc,mode,quality_tier,channel,aspect_ratio,requested_resolution,duration_seconds,requested_geometry,delivered_geometry,credits_used,credits_refunded,verification,note
sd2_8e3zk4K4J5DJ,adapter-run,2026-08-14T11:18:20.411Z,2026-08-14T11:22:48.384Z,text-to-video,pro,standard,16:9,1080p,10,16:9 1080p 10s,1280x720,240,0,ffprobe-local,ai-time-to-die-ep3-round-01-20260814
sd2_ZOkxBXNPozq9,adapter-run,2026-08-14T07:43:31.716Z,2026-08-14T07:47:12.727Z,text-to-video,pro,standard,9:16,720p,10,9:16 720p 10s,496x864,110,0,ffprobe-local,ai-time-to-die-t5-round-01-20260814
sd2_BqG5Ao2vDEwX,adapter-run,2026-08-14T09:38:29.961Z,2026-08-14T09:41:34.167Z,text-to-video,pro,standard,16:9,1080p,10,16:9 1080p 10s,1280x720,240,0,ffprobe-local,ai-time-to-die-t6-round-01-20260814
sd2_neAxLJRdpz4B,adapter-run,2026-08-09T10:22:26.086Z,2026-08-09T10:26:20.680Z,text-to-video,standard,standard,9:16,1080p,10,9:16 1080p 10s,720x1280,145,0,ffprobe-local,duotone-111-1080p-canary-20260809
sd2_NYBz0WdGkEwl,adapter-run,2026-08-11T08:29:31.387Z,2026-08-11T08:33:53.293Z,image-to-video,pro,standard,9:16,1080p,5,9:16 1080p 5s,720x1280,120,0,recorded-vendor-log,duotone-noir-round-01-canary-01-telephone-20260811
sd2_d9156Xwg7EoM,adapter-run,2026-08-11T08:30:01.467Z,2026-08-11T08:32:34.714Z,image-to-video,pro,standard,9:16,1080p,5,9:16 1080p 5s,720x1280,120,0,recorded-vendor-log,duotone-noir-round-01-canary-02-stair-threshold-20260811
sd2_lDe5PmO0LxZv,adapter-run,2026-08-11T08:30:21.236Z,2026-08-11T08:33:53.246Z,image-to-video,pro,standard,9:16,1080p,5,9:16 1080p 5s,720x1280,120,0,recorded-vendor-log,duotone-noir-round-01-canary-03-mesh-speakeasy-20260811
sd2_m6BEGlgAlz7j,adapter-run,2026-08-11T09:59:42.496Z,2026-08-11T10:02:28.285Z,image-to-video,pro,standard,9:16,720p,5,9:16 720p 5s,496x864,55,0,inferred,duotone-noir-stage-02-canary-01-telephone-20260811
sd2_PZ6z3vKB2EbV,adapter-run,2026-08-11T09:59:58.100Z,2026-08-11T10:02:53.477Z,image-to-video,pro,standard,9:16,720p,5,9:16 720p 5s,496x864,55,0,inferred,duotone-noir-stage-02-canary-02-stair-threshold-20260811
sd2_aQWE1mjdkE6Z,adapter-run,2026-08-11T10:00:15.003Z,2026-08-11T10:03:31.854Z,image-to-video,pro,standard,9:16,720p,5,9:16 720p 5s,496x864,55,0,inferred,duotone-noir-stage-02-canary-03-mesh-speakeasy-20260811
sd2_NYBz0WklDEwl,adapter-run,2026-08-09T10:18:49.828Z,2026-08-09T10:22:21.721Z,text-to-video,standard,standard,9:16,1080p,10,9:16 1080p 10s,720x1280,145,0,ffprobe-local,here-lies-trouble-1080p-canary-20260809
sd2_mZLEqjWpkz71,adapter-run,2026-08-09T06:53:13.694Z,2026-08-09T06:55:00.161Z,text-to-video,mini,standard,9:16,720p,10,9:16 720p 10s,496x864,22,0,ffprobe-local,here-lies-trouble-installment-01-canary-20260808
sd2_8e3zk4vja5DJ,adapter-run,2026-08-12T11:15:28.708Z,2026-08-12T11:18:28.988Z,image-to-video,pro,standard,9:16,720p,10,9:16 720p 10s,496x864,110,0,recorded-vendor-log,hlt-frogtown-v2-full-length-scene-round-01-job-a-20260812
sd2_d9156XPd1EoM,adapter-run,2026-08-12T11:22:26.959Z,2026-08-12T11:26:29.355Z,image-to-video,pro,standard,9:16,720p,10,9:16 720p 10s,496x864,110,0,recorded-vendor-log,hlt-frogtown-v2-full-length-scene-round-01-job-b-20260812
sd2_LZkxD3qye5b1,adapter-run,2026-08-12T15:42:00.591Z,2026-08-12T15:44:41.604Z,image-to-video,pro,standard,9:16,720p,10,9:16 720p 10s,496x864,110,0,recorded-vendor-log,hlt-frogtown-v2-full-length-scene-round-01-job-c-20260812
sd2_NYBz0WPLDEwl,adapter-run,2026-08-12T10:26:47.077Z,2026-08-12T10:28:29.440Z,image-to-video,pro,standard,9:16,720p,5,9:16 720p 5s,496x864,55,0,recorded-vendor-log,hlt-frogtown-v2-motion-round-01-canary-01-group-walk-20260812
sd2_lDe5PmoqYxZv,adapter-run,2026-08-12T10:30:42.363Z,2026-08-12T10:32:29.029Z,image-to-video,pro,standard,9:16,720p,5,9:16 720p 5s,496x864,55,0,recorded-vendor-log,hlt-frogtown-v2-motion-round-01-canary-02-conversation-20260812
sd2_m6BEGlPqZz7j,adapter-run,2026-08-12T10:33:28.134Z,2026-08-12T10:36:28.464Z,image-to-video,pro,standard,9:16,720p,5,9:16 720p 5s,496x864,55,0,recorded-vendor-log,hlt-frogtown-v2-motion-round-01-canary-03-exploration-20260812
sd2_m6BEGldpZz7j,adapter-run,2026-08-09T10:36:04.863Z,2026-08-09T10:39:23.221Z,text-to-video,pro,standard,9:16,1080p,4,9:16 1080p 4s,720x1280,95,0,ffprobe-local,pro-1080p-title-card-diagnostic-20260809
sd2_la1xbvy7rx2Y,episode-01-pilot,,,image-to-video,pro,standard,9:16,1080p,10,9:16 1080p 10s,720x1280,240,0,state.json (seg 1/5 ffprobe-spot-checked),pilot segment 1; window 2026-08-12 18:16-19:38 PDT
sd2_lDe5PmD2WxZv,episode-01-pilot,,,image-to-video,pro,standard,9:16,1080p,10,9:16 1080p 10s,720x1280,240,0,state.json (seg 1/5 ffprobe-spot-checked),pilot segment 2; window 2026-08-12 18:16-19:38 PDT
sd2_3wpxYR8WvELB,episode-01-pilot,,,image-to-video,pro,standard,9:16,1080p,10,9:16 1080p 10s,720x1280,240,0,state.json (seg 1/5 ffprobe-spot-checked),pilot segment 3; window 2026-08-12 18:16-19:38 PDT
sd2_m6BEGlpXBz7j,episode-01-pilot,,,image-to-video,pro,standard,9:16,1080p,10,9:16 1080p 10s,720x1280,240,0,state.json (seg 1/5 ffprobe-spot-checked),pilot segment 4; window 2026-08-12 18:16-19:38 PDT
sd2_13GE83opKxaL,episode-01-pilot,,,image-to-video,pro,standard,9:16,1080p,10,9:16 1080p 10s,720x1280,240,0,state.json (seg 1/5 ffprobe-spot-checked),pilot segment 5; window 2026-08-12 18:16-19:38 PDT
sd2_MVYxNjBLrxJd,episode-01-pilot,,,image-to-video,pro,standard,9:16,1080p,10,9:16 1080p 10s,720x1280,240,0,state.json (seg 1/5 ffprobe-spot-checked),pilot segment 6; window 2026-08-12 18:16-19:38 PDT; idempotent reuse of original task
sd2_m6BEGlpXZz7j,episode-01-pilot,,,image-to-video,pro,standard,9:16,1080p,10,9:16 1080p 10s,720x1280,240,0,state.json (seg 1/5 ffprobe-spot-checked),pilot segment 7; window 2026-08-12 18:16-19:38 PDT; idempotent reuse of original task
sd2_bMazy8WwVEYG,episode-01-pilot,,,image-to-video,pro,standard,9:16,1080p,10,9:16 1080p 10s,720x1280,240,0,state.json (seg 1/5 ffprobe-spot-checked),pilot segment 8; window 2026-08-12 18:16-19:38 PDT; idempotent reuse of original task
sd2_YmezeRg7l5Nw,episode-01-pilot,,,image-to-video,pro,standard,9:16,1080p,10,9:16 1080p 10s,720x1280,240,0,state.json (seg 1/5 ffprobe-spot-checked),pilot segment 9; window 2026-08-12 18:16-19:38 PDT; idempotent reuse of original task
sd2_MVYxNjBLYxJd,episode-01-pilot,,,image-to-video,pro,standard,9:16,1080p,10,9:16 1080p 10s,720x1280,240,0,state.json (seg 1/5 ffprobe-spot-checked),pilot segment 10; window 2026-08-12 18:16-19:38 PDT; idempotent reuse of original task
sd2_k405p62GlEZ1,episode-01-pilot,,,image-to-video,pro,standard,9:16,1080p,10,9:16 1080p 10s,720x1280,240,0,state.json (seg 1/5 ffprobe-spot-checked),pilot segment 11; window 2026-08-12 18:16-19:38 PDT; idempotent reuse of original task
sd2_8Xwzr6joazo3,episode-01-pilot,,,image-to-video,pro,standard,9:16,1080p,10,9:16 1080p 10s,720x1280,240,0,state.json (seg 1/5 ffprobe-spot-checked),pilot segment 12; window 2026-08-12 18:16-19:38 PDT; idempotent reuse of original task
sd2_kq2xd4Q2nxwe,episode-01-pilot,,,image-to-video,pro,standard,9:16,1080p,10,9:16 1080p 10s,720x1280,240,0,state.json (seg 1/5 ffprobe-spot-checked),pilot segment 13; window 2026-08-12 18:16-19:38 PDT; idempotent reuse of original task
sd2_gL15jkm43xe6,episode-01-pilot,,,image-to-video,pro,standard,9:16,1080p,10,9:16 1080p 10s,720x1280,240,0,state.json (seg 1/5 ffprobe-spot-checked),pilot segment 14; window 2026-08-12 18:16-19:38 PDT; idempotent reuse of original task
sd2_dBbEwrwbGxea,episode-01-pilot,,,image-to-video,pro,standard,9:16,1080p,10,9:16 1080p 10s,720x1280,240,0,state.json (seg 1/5 ffprobe-spot-checked),pilot segment 15; window 2026-08-12 18:16-19:38 PDT; idempotent reuse of original task
sd2_8e3zk49Zo5DJ,episode-01-pilot,,,image-to-video,pro,standard,9:16,1080p,10,9:16 1080p 10s,720x1280,240,0,state.json (seg 1/5 ffprobe-spot-checked),pilot segment 16; window 2026-08-12 18:16-19:38 PDT; idempotent reuse of original task
sd2_neAxLJdnpz4B,episode-01-pilot,,,image-to-video,pro,standard,9:16,1080p,5,9:16 1080p 5s,720x1280,120,0,state.json (seg 1/5 ffprobe-spot-checked),pilot segment 17; window 2026-08-12 18:16-19:38 PDT; idempotent reuse of original task
sd2_oekxJj4bgxb2,episode-01-pilot,,,image-to-video,pro,standard,9:16,720p,10,9:16 720p 10s,496x864,110,0,recorded-vendor-log,sunk original segment 5; regenerated as 1080p redo (sd2_13GE83opKxaL)
